{
  "model_name": "Fashion JSON Encoder Baseline v1",
  "timestamp": "2026-02-05T15:30:00",
  "configuration": {
    "temperature": 0.1,
    "batch_size": 16,
    "epochs": 8,
    "learning_rate": 0.0001,
    "dataset": "K-Fashion 2,172 items",
    "class_distribution": {
      "레트로": 196,
      "로맨틱": 994,
      "리조트": 998
    }
  },
  "final_performance": {
    "top1_accuracy": 0.2222222222222222,
    "top5_accuracy": 0.6412037037037037,
    "mrr": 0.40675617975217326,
    "validation_loss": 2.4883794254726834,
    "positive_similarity": 0.12291344613940627
  },
  "training_progression": {
    "epoch_1": {"top1": 0.150, "top5": 0.546, "mrr": 0.336},
    "epoch_2": {"top1": 0.157, "top5": 0.579, "mrr": 0.351},
    "epoch_3": {"top1": 0.188, "top5": 0.613, "mrr": 0.380},
    "epoch_4": {"top1": 0.208, "top5": 0.639, "mrr": 0.396},
    "epoch_5": {"top1": 0.199, "top5": 0.620, "mrr": 0.391},
    "epoch_6": {"top1": 0.208, "top5": 0.634, "mrr": 0.401},
    "epoch_7": {"top1": 0.218, "top5": 0.625, "mrr": 0.405},
    "epoch_8": {"top1": 0.222, "top5": 0.641, "mrr": 0.407}
  },
  "notes": "Temperature 0.1 튜닝으로 이전 0.07 대비 성능 개선. 안정적인 64% Top-5 정확도 달성."
}