{
  "timestamp": "2026-02-05T19:23:57.357284",
  "method": "Anchor-Based Query-Aware Evaluation",
  "core_concept": "Anchor Set = 베스트셀러 Proxy (중심성 상위 10%)",
  "query_sets": {
    "all_queries": 2172,
    "anchor_queries": 218,
    "tail_queries": 1086
  },
  "evaluation_results": {
    "all_queries": {
      "metrics": {
        "top20_accuracy": 0.6074054618092144,
        "avg_positive_similarity": -0.005390734577839098,
        "top5_accuracy": 0.14929096641785958,
        "recall_at_20": 0.6074054618092144,
        "top3_accuracy": 0.09263392866534345,
        "top1_accuracy": 0.034466911764705885,
        "mean_reciprocal_rank": 0.12581253676291773,
        "recall_at_10": 0.2935267857768956,
        "avg_negative_similarity": -0.004415909117811038,
        "recall_at_5": 0.14929096641785958,
        "top10_accuracy": 0.2935267857768956,
        "recall_at_3": 0.09263392866534345
      },
      "query_count": 2172,
      "percentage": 100.0
    },
    "anchor_queries": {
      "metrics": {
        "top20_accuracy": 0.6366758261408124,
        "avg_positive_similarity": -0.011105663874851806,
        "top5_accuracy": 0.13564560455935343,
        "recall_at_20": 0.6366758261408124,
        "top3_accuracy": 0.08001373708248138,
        "top1_accuracy": 0.02335164855633463,
        "mean_reciprocal_rank": 0.11513920979840415,
        "recall_at_10": 0.2716346170221056,
        "avg_negative_similarity": -0.008996123048876013,
        "recall_at_5": 0.13564560455935343,
        "top10_accuracy": 0.2716346170221056,
        "recall_at_3": 0.08001373708248138
      },
      "query_count": 218,
      "percentage": 10.036832412523019
    },
    "tail_queries": {
      "metrics": {
        "top20_accuracy": 0.6042279408258551,
        "avg_positive_similarity": -0.0025756384506273795,
        "top5_accuracy": 0.16194852945559166,
        "recall_at_20": 0.6042279408258551,
        "top3_accuracy": 0.09203431382775307,
        "top1_accuracy": 0.031311274560935354,
        "mean_reciprocal_rank": 0.12469366433865883,
        "recall_at_10": 0.312316176645896,
        "avg_negative_similarity": -0.0011800784490975168,
        "recall_at_5": 0.16194852945559166,
        "top10_accuracy": 0.312316176645896,
        "recall_at_3": 0.09203431382775307
      },
      "query_count": 1086,
      "percentage": 50.0
    }
  },
  "summary": {
    "all_queries": {
      "recall_at_5": 14.929096641785957,
      "recall_at_10": 29.352678577689563,
      "top1_accuracy": 3.4466911764705883,
      "mrr": 0.12581253676291773,
      "query_count": 2172
    },
    "anchor_queries": {
      "recall_at_5": 13.564560455935343,
      "recall_at_10": 27.16346170221056,
      "top1_accuracy": 2.335164855633463,
      "mrr": 0.11513920979840415,
      "query_count": 218
    },
    "tail_queries": {
      "recall_at_5": 16.194852945559166,
      "recall_at_10": 31.2316176645896,
      "top1_accuracy": 3.1311274560935356,
      "mrr": 0.12469366433865883,
      "query_count": 1086
    },
    "goal_achievement": {
      "anchor_target": "≥ 90%",
      "anchor_actual": "27.2%",
      "anchor_achieved": false,
      "all_queries_actual": "29.4%",
      "improvement": -2.1892168754790013
    }
  }
}