{
  "experiment_name": "Temperature 0.15 Experiment",
  "timestamp": "2026-02-05T16:50:39.884263",
  "configuration": {
    "temperature": 0.15,
    "baseline_temperature": 0.1,
    "batch_size": 16,
    "epochs": 5,
    "learning_rate": 0.0001,
    "dataset": "C:/sample/라벨링데이터"
  },
  "class_distribution": {
    "레트로": 193,
    "로맨틱": 988,
    "리조트": 556
  },
  "final_performance": {
    "top1_accuracy": 0.14351851851851852,
    "top5_accuracy": 0.5532407407407407,
    "mrr": 0.33491034033121886,
    "validation_loss": 2.638711858678747
  },
  "baseline_comparison": {
    "baseline_v1_top5": 64.1,
    "baseline_v1_top1": 22.2,
    "baseline_v1_mrr": 0.407,
    "baseline_v1_temperature": 0.1,
    "top5_improvement": -8.775925925925925,
    "top1_improvement": -7.848148148148148,
    "mrr_improvement": -0.07208965966878111
  },
  "temperature_analysis": {
    "temperature_change": 0.04999999999999999,
    "performance_change": -8.775925925925925,
    "effectiveness": -175.51851851851853
  },
  "training_progression": [
    2.6017513032312745,
    2.402904364797804,
    2.314852284060584,
    2.261045608255598,
    2.233033420862975
  ],
  "validation_progression": [
    2.735186877074065,
    2.6925037878530995,
    2.6552483858885587,
    2.6452206152456776,
    2.638711858678747
  ],
  "notes": "Temperature 0.15로 5 에포크 빠른 검증 실험"
}