{
  "initial_analysis": {
    "phase": "Initial",
    "total_samples": 20,
    "embedding_dim": 512,
    "mean": -0.0011365000391378999,
    "std": 0.044181715697050095,
    "min": -0.15886230766773224,
    "max": 0.15743523836135864,
    "norm_mean": 1.0,
    "norm_std": 5.63803510544858e-08,
    "norm_min": 0.9999998807907104,
    "norm_max": 1.0000001192092896,
    "is_normalized": true,
    "field_unique_counts": {
      "category": 10,
      "style": 18,
      "silhouette": 11,
      "material": 18,
      "detail": 26
    }
  },
  "training_results": {
    "train_losses": [
      0.003917833906598389,
      0.003940839180722832,
      0.0038935109507292507
    ],
    "val_losses": [
      0.003908220445737243,
      0.0038853557780385017,
      0.00388501794077456
    ]
  },
  "final_analysis": {
    "phase": "Final",
    "total_samples": 20,
    "embedding_dim": 512,
    "mean": -0.0006561469053849578,
    "std": 0.04419146105647087,
    "min": -0.16648432612419128,
    "max": 0.1682814061641693,
    "norm_mean": 1.0,
    "norm_std": 3.867659970069326e-08,
    "norm_min": 0.9999999403953552,
    "norm_max": 1.0,
    "is_normalized": true,
    "field_unique_counts": {
      "category": 9,
      "style": 19,
      "silhouette": 9,
      "material": 20,
      "detail": 28
    }
  },
  "validation_results": {
    "dimension_check": true,
    "normalization_check": true,
    "gradient_check": true,
    "field_processing_check": true,
    "batch_consistency_check": true,
    "errors": []
  },
  "vocab_sizes": {
    "category": 10,
    "style": 20,
    "silhouette": 15,
    "material": 25,
    "detail": 30
  },
  "model_params": 308480
}